time,temp
13.76,2025-04-04 03:27:59
13.76,2025-04-04 03:30:59
13.76,2025-04-04 03:48:05
13.76,2025-04-04 03:55:09
13.76,2025-04-04 04:09:41
14.76,2025-04-04 04:31:34
14.76,2025-04-04 04:44:35
14.76,2025-04-04 04:51:38
14.76,2025-04-04 04:56:59
14.76,2025-04-04 05:11:57
14.76,2025-04-04 05:31:17
14.76,2025-04-04 05:41:11
14.76,2025-04-04 05:46:37
14.76,2025-04-04 05:51:52
14.76,2025-04-04 05:57:14
14.76,2025-04-04 06:17:20
14.76,2025-04-04 06:41:33
14.76,2025-04-04 06:51:40
14.76,2025-04-04 06:56:56
14.53,2025-04-04 07:11:35
14.76,2025-04-04 07:26:26
14.76,2025-04-04 07:34:19
14.76,2025-04-04 07:41:42
14.76,2025-04-04 07:47:06
14.76,2025-04-04 07:52:51
14.76,2025-04-04 07:58:15
13.27,2025-04-04 08:18:44
13.76,2025-04-04 08:39:29
13.76,2025-04-04 08:50:04
13.76,2025-04-04 08:55:52
13.76,2025-04-04 09:10:02
11.76,2025-04-04 09:28:48
11.76,2025-04-04 09:38:31
11.76,2025-04-04 09:44:29
11.76,2025-04-04 09:49:47
11.76,2025-04-04 09:54:59
11.76,2025-04-04 10:00:05
11.76,2025-04-04 10:19:25
9.76,2025-04-04 10:38:08
9.76,2025-04-04 10:46:25
9.76,2025-04-04 10:51:57
9.76,2025-04-04 10:57:28
9.76,2025-04-04 11:11:31
7.76,2025-04-04 11:25:33
7.76,2025-04-04 11:31:15
7.76,2025-04-04 11:39:22
7.76,2025-04-04 11:44:30
7.76,2025-04-04 11:50:01
7.76,2025-04-04 11:55:29
10.63,2025-04-04 12:15:12
6.76,2025-04-04 12:54:19
10.28,2025-04-04 13:17:40
5.76,2025-04-04 13:37:09
5.76,2025-04-04 13:45:34
5.76,2025-04-04 13:50:42
5.76,2025-04-04 13:56:09
5.76,2025-04-04 14:09:31
7.76,2025-04-04 14:29:53
7.76,2025-04-04 14:41:06
7.76,2025-04-04 14:46:59
7.76,2025-04-04 14:52:34
7.76,2025-04-04 14:57:51
7.76,2025-04-04 15:13:56
7.76,2025-04-04 15:31:28
7.76,2025-04-04 15:42:19
7.76,2025-04-04 15:49:27
7.76,2025-04-04 15:54:41
7.76,2025-04-04 16:00:19
9.4,2025-04-04 16:22:37
7.76,2025-04-04 16:42:04
7.76,2025-04-04 16:51:48
7.76,2025-04-04 16:57:16
7.76,2025-04-04 17:11:08
6.76,2025-04-04 17:28:16
6.76,2025-04-04 17:37:44
6.76,2025-04-04 17:43:09
6.76,2025-04-04 17:48:46
6.76,2025-04-04 17:53:56
6.76,2025-04-04 17:59:17
7.76,2025-04-04 18:22:02
7.76,2025-04-04 18:41:38
7.76,2025-04-04 18:51:00
7.76,2025-04-04 18:56:39
7.76,2025-04-04 19:08:33
7.78,2025-04-04 19:22:30
7.76,2025-04-04 19:29:09
7.76,2025-04-04 19:35:45
7.76,2025-04-04 19:41:17
7.76,2025-04-04 19:46:51
7.76,2025-04-04 19:52:11
7.76,2025-04-04 19:57:18
7.76,2025-04-04 20:13:18
7.76,2025-04-04 20:29:59
7.76,2025-04-04 20:39:30
7.76,2025-04-04 20:45:19
7.76,2025-04-04 20:50:54
7.76,2025-04-04 20:56:13
7.76,2025-04-04 21:08:54
7.76,2025-04-04 21:24:41
7.76,2025-04-04 21:31:20
7.76,2025-04-04 21:38:20
7.76,2025-04-04 21:43:49
7.76,2025-04-04 21:49:04
7.76,2025-04-04 21:54:28
7.76,2025-04-04 21:59:34
8.51,2025-04-04 22:15:45
8.76,2025-04-04 22:32:26
8.76,2025-04-04 22:42:36
8.76,2025-04-04 22:48:00
8.76,2025-04-04 22:53:30
7.76,2025-04-04 22:58:41
7.76,2025-04-04 23:14:10
7.76,2025-04-04 23:27:16
7.76,2025-04-04 23:35:01
7.76,2025-04-04 23:41:04
7.76,2025-04-04 23:46:48
7.76,2025-04-04 23:52:25
7.76,2025-04-04 23:57:50
7.76,2025-04-05 01:03:03
8.9,2025-04-05 02:25:22
7.76,2025-04-05 03:08:23
7.76,2025-04-05 03:37:11
7.76,2025-04-05 03:49:31
7.76,2025-04-05 03:54:49
7.76,2025-04-05 04:00:09
7.76,2025-04-05 04:21:17
7.76,2025-04-05 04:36:15
7.76,2025-04-05 04:45:41
7.76,2025-04-05 04:51:14
7.76,2025-04-05 04:56:35
7.76,2025-04-05 05:11:20
7.76,2025-04-05 05:30:22
7.76,2025-04-05 05:39:50
7.76,2025-04-05 05:45:03
7.76,2025-04-05 05:50:18
7.76,2025-04-05 05:55:30
7.76,2025-04-05 06:10:49
7.76,2025-04-05 06:34:55
7.76,2025-04-05 06:46:30
7.76,2025-04-05 06:51:56
7.76,2025-04-05 06:57:19
7.76,2025-04-05 07:11:02
11.17,2025-04-05 07:24:16
7.76,2025-04-05 07:29:32
7.76,2025-04-05 07:36:32
7.76,2025-04-05 07:42:10
7.76,2025-04-05 07:47:36
7.76,2025-04-05 07:52:50
7.76,2025-04-05 07:58:18
7.76,2025-04-05 08:16:39
7.76,2025-04-05 08:33:17
7.76,2025-04-05 08:43:43
7.76,2025-04-05 08:49:30
7.76,2025-04-05 08:54:55
7.76,2025-04-05 09:00:08
7.76,2025-04-05 09:16:56
7.76,2025-04-05 09:28:34
7.76,2025-04-05 09:35:42
7.76,2025-04-05 09:41:00
7.76,2025-04-05 09:46:25
7.76,2025-04-05 09:51:44
7.76,2025-04-05 09:56:52
7.76,2025-04-05 10:10:20
7.76,2025-04-05 10:30:56
7.76,2025-04-05 10:40:27
7.76,2025-04-05 10:46:01
7.76,2025-04-05 10:51:16
7.76,2025-04-05 10:56:27
7.76,2025-04-05 11:07:59
7.76,2025-04-05 11:20:37
7.76,2025-04-05 11:26:50
7.76,2025-04-05 11:33:28
7.76,2025-04-05 11:39:19
7.76,2025-04-05 11:44:47
7.76,2025-04-05 11:50:20
7.76,2025-04-05 11:55:45
8.36,2025-04-05 12:14:23
7.76,2025-04-05 12:49:31
7.76,2025-04-05 13:10:24
7.76,2025-04-05 13:29:00
7.76,2025-04-05 13:37:30
7.76,2025-04-05 13:42:52
7.76,2025-04-05 13:48:23
7.76,2025-04-05 13:54:04
7.76,2025-04-05 13:59:24
7.76,2025-04-05 14:13:29
7.76,2025-04-05 14:28:39
7.76,2025-04-05 14:37:09
7.76,2025-04-05 14:42:24
7.76,2025-04-05 14:47:56
7.76,2025-04-05 14:53:13
7.76,2025-04-05 14:58:50
7.89,2025-04-05 15:13:43
6.76,2025-04-05 15:27:27
6.76,2025-04-05 15:35:01
6.76,2025-04-05 15:40:53
6.76,2025-04-05 15:46:16
6.76,2025-04-05 15:51:43
6.76,2025-04-05 15:57:18
7.73,2025-04-05 16:12:49
6.76,2025-04-05 16:34:29
6.76,2025-04-05 16:45:09
6.76,2025-04-05 16:50:41
6.76,2025-04-05 16:55:56
6.76,2025-04-05 17:07:06
6.76,2025-04-05 17:22:52
6.76,2025-04-05 17:31:30
6.76,2025-04-05 17:39:24
6.76,2025-04-05 17:44:37
6.76,2025-04-05 17:50:02
6.76,2025-04-05 17:55:35
7.72,2025-04-05 18:10:06
7.76,2025-04-05 18:32:36
7.76,2025-04-05 18:43:29
7.76,2025-04-05 18:49:08
7.76,2025-04-05 18:54:32
7.76,2025-04-05 18:59:43
7.76,2025-04-05 19:12:17
6.76,2025-04-05 19:21:24
6.76,2025-04-05 19:26:53
6.76,2025-04-05 19:33:17
6.76,2025-04-05 19:39:21
6.76,2025-04-05 19:44:41
6.76,2025-04-05 19:50:10
6.76,2025-04-05 19:55:40
6.76,2025-04-05 20:08:26
6.76,2025-04-05 20:26:04
6.76,2025-04-05 20:33:45
6.76,2025-04-05 20:40:46
6.76,2025-04-05 20:46:11
6.76,2025-04-05 20:51:47
6.76,2025-04-05 20:57:08
6.76,2025-04-05 21:11:03
5.76,2025-04-05 21:25:03
5.76,2025-04-05 21:30:38
5.76,2025-04-05 21:36:35
5.76,2025-04-05 21:41:56
5.76,2025-04-05 21:47:32
5.76,2025-04-05 21:52:45
5.76,2025-04-05 21:58:08
7.78,2025-04-05 22:12:31
5.76,2025-04-05 22:30:15
5.76,2025-04-05 22:39:20
5.76,2025-04-05 22:44:29
5.76,2025-04-05 22:50:01
5.76,2025-04-05 22:55:40
5.76,2025-04-05 23:08:10
7.59,2025-04-05 23:25:35
7.76,2025-04-05 23:31:55
7.76,2025-04-05 23:39:05
7.76,2025-04-05 23:44:19
7.76,2025-04-05 23:49:48
6.76,2025-04-05 23:55:20
7.76,2025-04-06 00:42:55
11.76,2025-04-06 02:20:07
12.67,2025-04-06 03:11:37
13.76,2025-04-06 03:39:41
13.76,2025-04-06 03:51:46
13.76,2025-04-06 03:57:07
13.33,2025-04-06 04:13:54
13.76,2025-04-06 04:35:12
13.76,2025-04-06 04:48:18
13.76,2025-04-06 04:54:38
13.76,2025-04-06 04:59:44
14.05,2025-04-06 05:16:02
13.76,2025-04-06 05:30:54
13.76,2025-04-06 05:39:39
13.76,2025-04-06 05:45:01
13.76,2025-04-06 05:50:13
13.76,2025-04-06 05:55:33
14.35,2025-04-06 06:11:43
13.76,2025-04-06 06:35:58
13.76,2025-04-06 06:49:24
13.76,2025-04-06 06:54:34
13.76,2025-04-06 06:59:54
13.71,2025-04-06 07:15:22
13.76,2025-04-06 07:26:01
13.76,2025-04-06 07:31:59
13.76,2025-04-06 07:37:45
13.76,2025-04-06 07:43:12
13.76,2025-04-06 07:48:52
13.76,2025-04-06 07:54:16
13.76,2025-04-06 07:59:34
13.76,2025-04-06 08:19:47
12.76,2025-04-06 08:36:45
12.76,2025-04-06 08:46:41
12.76,2025-04-06 08:51:51
12.76,2025-04-06 08:57:18
12.76,2025-04-06 09:11:10
11.76,2025-04-06 09:26:50
11.76,2025-04-06 09:34:37
11.76,2025-04-06 09:41:03
11.76,2025-04-06 09:46:09
11.76,2025-04-06 09:51:32
11.76,2025-04-06 09:57:08
11.03,2025-04-06 10:12:12
9.76,2025-04-06 10:31:46
9.76,2025-04-06 10:41:27
9.76,2025-04-06 10:46:57
9.76,2025-04-06 10:52:31
9.76,2025-04-06 10:57:44
9.76,2025-04-06 11:09:59
8.76,2025-04-06 11:21:29
8.76,2025-04-06 11:27:05
8.76,2025-04-06 11:33:58
8.76,2025-04-06 11:39:39
8.76,2025-04-06 11:45:10
8.76,2025-04-06 11:50:35
8.76,2025-04-06 11:55:45
8.76,2025-04-06 12:14:41
8.76,2025-04-06 12:49:48
9.16,2025-04-06 13:10:52
7.76,2025-04-06 13:30:30
7.76,2025-04-06 13:39:00
7.76,2025-04-06 13:44:11
7.76,2025-04-06 13:49:34
7.76,2025-04-06 13:55:05
7.76,2025-04-06 14:00:46
8.78,2025-04-06 14:16:56
5.76,2025-04-06 14:30:40
5.76,2025-04-06 14:38:39
5.76,2025-04-06 14:44:17
5.76,2025-04-06 14:49:52
5.76,2025-04-06 14:55:05
5.76,2025-04-06 15:00:53
5.76,2025-04-06 15:18:16
3.76,2025-04-06 15:29:26
3.76,2025-04-06 15:36:30
3.76,2025-04-06 15:41:40
3.76,2025-04-06 15:47:15
3.76,2025-04-06 15:52:53
3.76,2025-04-06 15:58:07
8.06,2025-04-06 16:15:11
3.76,2025-04-06 16:34:10
3.76,2025-04-06 16:44:58
3.76,2025-04-06 16:50:10
3.76,2025-04-06 16:55:28
3.76,2025-04-06 17:06:35
7.73,2025-04-06 17:22:56
4.76,2025-04-06 17:31:29
4.76,2025-04-06 17:39:14
4.76,2025-04-06 17:44:34
4.76,2025-04-06 17:49:47
4.76,2025-04-06 17:55:17
4.76,2025-04-06 18:09:34
2.76,2025-04-06 18:33:10
2.76,2025-04-06 18:44:45
2.76,2025-04-06 18:50:16
2.76,2025-04-06 18:55:38
2.76,2025-04-06 19:06:23
7.15,2025-04-06 19:19:05
2.76,2025-04-06 19:24:43
2.76,2025-04-06 19:29:50
2.76,2025-04-06 19:37:50
2.76,2025-04-06 19:43:12
2.76,2025-04-06 19:48:51
2.76,2025-04-06 19:54:27
2.76,2025-04-06 19:59:54
6.99,2025-04-06 20:17:34
3.76,2025-04-06 20:30:35
3.76,2025-04-06 20:38:31
3.76,2025-04-06 20:44:00
3.76,2025-04-06 20:49:36
3.76,2025-04-06 20:54:43
3.76,2025-04-06 21:00:02
3.76,2025-04-06 21:15:49
2.76,2025-04-06 21:27:05
2.76,2025-04-06 21:34:55
2.76,2025-04-06 21:40:35
2.76,2025-04-06 21:46:07
2.76,2025-04-06 21:51:39
2.76,2025-04-06 21:57:01
7.29,2025-04-06 22:10:17
3.76,2025-04-06 22:28:41
3.76,2025-04-06 22:38:10
3.76,2025-04-06 22:43:41
3.76,2025-04-06 22:49:25
3.76,2025-04-06 22:55:04
3.76,2025-04-06 23:00:20
3.76,2025-04-06 23:16:25
8.76,2025-04-06 23:27:09
8.76,2025-04-06 23:33:30
8.76,2025-04-06 23:39:48
8.76,2025-04-06 23:45:11
8.76,2025-04-06 23:50:36
8.76,2025-04-06 23:56:01
11.76,2025-04-07 00:48:37
13.83,2025-04-07 02:20:24
16.71,2025-04-07 03:12:19
17.76,2025-04-07 03:41:48
17.76,2025-04-07 03:53:11
17.76,2025-04-07 03:58:27
18.93,2025-04-07 04:18:10
17.76,2025-04-07 04:36:45
17.76,2025-04-07 04:46:40
17.76,2025-04-07 04:52:21
17.76,2025-04-07 04:57:56
17.76,2025-04-07 05:14:24
18.76,2025-04-07 05:32:34
18.76,2025-04-07 05:42:56
18.76,2025-04-07 05:48:16
18.76,2025-04-07 05:53:34
18.76,2025-04-07 05:58:55
20.75,2025-04-07 06:23:21
19.76,2025-04-07 06:44:28
19.76,2025-04-07 06:53:32
19.76,2025-04-07 06:59:00
20.97,2025-04-07 07:16:32
18.76,2025-04-07 07:30:46
18.76,2025-04-07 07:39:06
18.76,2025-04-07 07:44:51
18.76,2025-04-07 07:50:24
18.76,2025-04-07 07:55:33
18.76,2025-04-07 08:12:56
17.76,2025-04-07 08:36:33
17.76,2025-04-07 08:50:14
17.76,2025-04-07 08:56:33
17.76,2025-04-07 09:12:26
16.76,2025-04-07 09:30:53
16.76,2025-04-07 09:41:28
16.76,2025-04-07 09:46:49
16.76,2025-04-07 09:51:53
16.76,2025-04-07 09:57:24
16.3,2025-04-07 10:14:38
15.76,2025-04-07 10:35:52
15.76,2025-04-07 10:46:38
15.76,2025-04-07 10:52:06
15.76,2025-04-07 10:57:18
15.25,2025-04-07 11:10:54
14.76,2025-04-07 11:24:15
14.76,2025-04-07 11:29:52
14.76,2025-04-07 11:36:35
14.76,2025-04-07 11:41:58
14.76,2025-04-07 11:47:12
14.76,2025-04-07 11:52:40
14.76,2025-04-07 11:58:03
14.76,2025-04-07 12:28:27
14.76,2025-04-07 13:02:54
14.76,2025-04-07 13:33:31
14.76,2025-04-07 13:46:21
14.76,2025-04-07 13:51:33
14.76,2025-04-07 13:56:48
13.21,2025-04-07 14:11:39
13.76,2025-04-07 14:32:39
13.76,2025-04-07 14:45:21
13.76,2025-04-07 14:51:17
13.76,2025-04-07 14:56:32
12.45,2025-04-07 15:11:18
12.76,2025-04-07 15:30:29
12.76,2025-04-07 15:41:17
12.76,2025-04-07 15:47:12
12.76,2025-04-07 15:52:47
12.76,2025-04-07 15:58:27
11.88,2025-04-07 16:17:26
12.76,2025-04-07 16:40:42
12.76,2025-04-07 16:51:41
12.76,2025-04-07 16:57:15
10.89,2025-04-07 17:11:15
11.76,2025-04-07 17:28:55
11.76,2025-04-07 17:38:09
11.76,2025-04-07 17:43:35
11.76,2025-04-07 17:49:02
11.76,2025-04-07 17:54:38
11.76,2025-04-07 17:59:51
10.18,2025-04-07 18:24:49
10.76,2025-04-07 18:41:43
10.76,2025-04-07 18:50:43
10.76,2025-04-07 18:56:14
10.76,2025-04-07 19:07:53
9.56,2025-04-07 19:21:32
9.76,2025-04-07 19:27:14
9.76,2025-04-07 19:34:14
9.76,2025-04-07 19:40:06
9.76,2025-04-07 19:45:23
9.76,2025-04-07 19:50:47
9.76,2025-04-07 19:56:06
9.76,2025-04-07 20:10:44
9.76,2025-04-07 20:29:46
9.76,2025-04-07 20:40:03
9.76,2025-04-07 20:45:57
9.76,2025-04-07 20:51:41
9.76,2025-04-07 20:56:56
9.76,2025-04-07 21:10:49
9.76,2025-04-07 21:26:39
9.76,2025-04-07 21:36:09
9.76,2025-04-07 21:42:54
9.76,2025-04-07 21:48:18
9.76,2025-04-07 21:53:41
9.76,2025-04-07 21:59:06
9.76,2025-04-07 22:15:23
9.76,2025-04-07 22:32:30
9.76,2025-04-07 22:42:38
9.76,2025-04-07 22:48:01
9.76,2025-04-07 22:53:06
9.76,2025-04-07 22:58:32
10.03,2025-04-07 23:14:57
10.76,2025-04-07 23:29:45
10.76,2025-04-07 23:37:51
10.76,2025-04-07 23:43:25
10.76,2025-04-07 23:48:57
10.76,2025-04-07 23:54:33
10.76,2025-04-07 23:59:54
13.76,2025-04-08 01:22:28
14.76,2025-04-08 02:41:35
15.76,2025-04-08 03:21:37
15.76,2025-04-08 03:44:51
15.76,2025-04-08 03:54:02
15.76,2025-04-08 03:59:25
16.76,2025-04-08 04:19:59
16.76,2025-04-08 04:39:11
16.76,2025-04-08 04:48:37
16.76,2025-04-08 04:54:26
16.76,2025-04-08 04:59:39
16.76,2025-04-08 05:16:40
17.76,2025-04-08 05:32:59
17.76,2025-04-08 05:42:36
17.76,2025-04-08 05:48:11
17.76,2025-04-08 05:53:27
17.76,2025-04-08 05:58:53
18.66,2025-04-08 06:22:05
17.76,2025-04-08 06:43:49
17.76,2025-04-08 06:52:51
17.76,2025-04-08 06:58:14
17.76,2025-04-08 07:14:09
17.76,2025-04-08 07:28:11
17.76,2025-04-08 07:36:28
17.76,2025-04-08 07:42:23
17.76,2025-04-08 07:47:57
17.76,2025-04-08 07:53:15
17.76,2025-04-08 07:58:20
17.76,2025-04-08 08:20:00
17.76,2025-04-08 08:41:07
17.76,2025-04-08 08:52:33
17.76,2025-04-08 08:58:04
17.76,2025-04-08 09:15:21
15.76,2025-04-08 09:32:11
15.76,2025-04-08 09:42:19
15.76,2025-04-08 09:47:53
15.76,2025-04-08 09:53:28
15.76,2025-04-08 09:58:42
16.19,2025-04-08 10:16:35
13.76,2025-04-08 10:37:29
13.76,2025-04-08 10:47:33
13.76,2025-04-08 10:53:03
13.76,2025-04-08 10:58:27
15.01,2025-04-08 11:12:27
12.76,2025-04-08 11:25:09
12.76,2025-04-08 11:30:55
12.76,2025-04-08 11:38:00
12.76,2025-04-08 11:43:38
12.76,2025-04-08 11:49:08
12.76,2025-04-08 11:54:22
12.76,2025-04-08 11:59:37
10.76,2025-04-08 12:35:14
10.76,2025-04-08 13:06:29
9.76,2025-04-08 13:34:22
9.76,2025-04-08 13:46:27
9.76,2025-04-08 13:51:44
9.76,2025-04-08 13:57:10
12.88,2025-04-08 14:13:09
7.76,2025-04-08 14:34:22
7.76,2025-04-08 14:46:45
7.76,2025-04-08 14:52:27
7.76,2025-04-08 14:57:40
12.98,2025-04-08 15:14:11
6.76,2025-04-08 15:32:50
6.76,2025-04-08 15:43:51
6.76,2025-04-08 15:50:03
6.76,2025-04-08 15:55:35
6.76,2025-04-08 16:10:51
6.76,2025-04-08 16:36:01
6.76,2025-04-08 16:50:23
6.76,2025-04-08 16:57:12
6.76,2025-04-08 17:11:08
5.76,2025-04-08 17:29:15
5.76,2025-04-08 17:39:08
5.76,2025-04-08 17:44:47
5.76,2025-04-08 17:50:17
5.76,2025-04-08 17:55:34
10.85,2025-04-08 18:11:01
5.76,2025-04-08 18:37:16
5.76,2025-04-08 18:50:25
5.76,2025-04-08 18:56:13
5.76,2025-04-08 19:08:41
10.74,2025-04-08 19:22:47
5.76,2025-04-08 19:28:26
5.76,2025-04-08 19:35:29
5.76,2025-04-08 19:41:06
5.76,2025-04-08 19:46:35
5.76,2025-04-08 19:52:11
5.76,2025-04-08 19:57:29
10.5,2025-04-08 20:13:46
6.76,2025-04-08 20:31:33
6.76,2025-04-08 20:41:36
6.76,2025-04-08 20:48:10
6.76,2025-04-08 20:53:19
6.76,2025-04-08 20:58:48
6.76,2025-04-08 21:14:37
6.76,2025-04-08 21:28:07
6.76,2025-04-08 21:36:44
6.76,2025-04-08 21:42:39
6.76,2025-04-08 21:48:19
6.76,2025-04-08 21:53:40
6.76,2025-04-08 21:58:53
10.54,2025-04-08 22:14:27
7.76,2025-04-08 22:32:02
7.76,2025-04-08 22:42:04
7.76,2025-04-08 22:47:39
7.76,2025-04-08 22:53:19
7.76,2025-04-08 22:58:46
11.4,2025-04-08 23:14:33
10.76,2025-04-08 23:27:42
10.76,2025-04-08 23:35:40
10.76,2025-04-08 23:41:43
10.76,2025-04-08 23:47:12
10.76,2025-04-08 23:52:48
10.76,2025-04-08 23:58:13
12.76,2025-04-09 01:08:03
15.76,2025-04-09 02:39:38
16.76,2025-04-09 03:22:12
16.76,2025-04-09 03:45:23
16.76,2025-04-09 03:54:17
16.76,2025-04-09 03:59:42
17.76,2025-04-09 04:20:42
17.76,2025-04-09 04:38:55
17.76,2025-04-09 04:49:24
17.76,2025-04-09 04:55:19
17.76,2025-04-09 05:08:44
15.76,2025-04-09 05:29:40
15.76,2025-04-09 05:40:24
15.76,2025-04-09 05:45:59
15.76,2025-04-09 05:51:17
15.76,2025-04-09 05:56:24
15.76,2025-04-09 06:15:33
14.76,2025-04-09 06:41:47
14.76,2025-04-09 06:52:33
14.76,2025-04-09 06:58:00
14.76,2025-04-09 07:14:00
12.76,2025-04-09 07:28:19
12.76,2025-04-09 07:36:53
12.76,2025-04-09 07:42:44
12.76,2025-04-09 07:48:13
12.76,2025-04-09 07:53:38
12.76,2025-04-09 07:59:11
13.76,2025-04-09 08:23:40
13.76,2025-04-09 08:43:55
13.76,2025-04-09 08:54:52
13.76,2025-04-09 09:00:03
16.28,2025-04-09 09:19:53
13.76,2025-04-09 09:35:41
13.76,2025-04-09 09:45:05
13.76,2025-04-09 09:50:41
13.76,2025-04-09 09:56:29
15.43,2025-04-09 10:13:14
11.76,2025-04-09 10:38:28
11.76,2025-04-09 10:50:40
11.76,2025-04-09 10:57:16
11.76,2025-04-09 11:10:38
12.78,2025-04-09 11:23:47
10.76,2025-04-09 11:29:42
10.76,2025-04-09 11:36:24
10.76,2025-04-09 11:41:56
10.76,2025-04-09 11:47:25
10.76,2025-04-09 11:53:11
10.76,2025-04-09 11:58:32
9.76,2025-04-09 12:30:17
9.76,2025-04-09 13:03:47
9.76,2025-04-09 13:35:16
9.76,2025-04-09 13:50:53
9.76,2025-04-09 13:57:24
12.73,2025-04-09 14:13:15
10.76,2025-04-09 14:35:17
10.76,2025-04-09 14:48:22
10.76,2025-04-09 14:54:37
10.76,2025-04-09 14:59:57
12.4,2025-04-09 15:21:59
9.76,2025-04-09 15:39:22
9.76,2025-04-09 15:47:56
9.76,2025-04-09 15:53:23
9.76,2025-04-09 15:58:45
12.09,2025-04-09 16:19:58
9.76,2025-04-09 16:43:24
9.76,2025-04-09 16:54:53
9.76,2025-04-09 17:00:13
11.85,2025-04-09 17:16:31
8.76,2025-04-09 17:32:04
8.76,2025-04-09 17:41:34
8.76,2025-04-09 17:47:06
8.76,2025-04-09 17:52:43
8.76,2025-04-09 17:58:08
8.76,2025-04-09 18:19:39
8.76,2025-04-09 18:42:08
8.76,2025-04-09 18:51:05
8.76,2025-04-09 18:56:34
8.76,2025-04-09 19:08:47
9.94,2025-04-09 19:22:04
8.76,2025-04-09 19:27:56
8.76,2025-04-09 19:35:00
8.76,2025-04-09 19:40:26
8.76,2025-04-09 19:45:56
8.76,2025-04-09 19:51:28
8.76,2025-04-09 19:56:58
9.66,2025-04-09 20:12:57
7.76,2025-04-09 20:29:52
6.76,2025-04-09 20:41:53
6.76,2025-04-09 20:49:40
6.76,2025-04-09 20:55:18
6.76,2025-04-09 21:07:02
5.76,2025-04-09 21:23:10
5.76,2025-04-09 21:29:50
5.76,2025-04-09 21:36:22
5.76,2025-04-09 21:41:50
5.76,2025-04-09 21:47:15
5.76,2025-04-09 21:52:48
5.76,2025-04-09 21:58:14
5.76,2025-04-09 22:13:11
6.76,2025-04-09 22:30:37
6.76,2025-04-09 22:39:38
6.76,2025-04-09 22:45:09
6.76,2025-04-09 22:50:24
6.76,2025-04-09 22:55:39
6.76,2025-04-09 23:08:10
9.76,2025-04-09 23:24:45
9.76,2025-04-09 23:31:38
9.76,2025-04-09 23:38:57
9.76,2025-04-09 23:44:21
9.76,2025-04-09 23:49:54
9.76,2025-04-09 23:55:02
12.76,2025-04-10 00:37:05
15.94,2025-04-10 02:14:19
15.76,2025-04-10 03:07:30
15.76,2025-04-10 03:38:18
15.76,2025-04-10 03:52:18
15.76,2025-04-10 03:57:31
19.02,2025-04-10 04:15:52
17.76,2025-04-10 04:35:38
17.76,2025-04-10 04:47:31
17.76,2025-04-10 04:53:14
17.76,2025-04-10 04:58:36
17.76,2025-04-10 05:15:25
17.76,2025-04-10 05:32:18
17.76,2025-04-10 05:42:03
17.76,2025-04-10 05:47:36
17.76,2025-04-10 05:53:00
17.76,2025-04-10 05:58:18
19.13,2025-04-10 06:21:10
17.76,2025-04-10 06:43:21
17.76,2025-04-10 06:52:50
17.76,2025-04-10 06:58:23
17.76,2025-04-10 07:14:37
16.76,2025-04-10 07:29:34
16.76,2025-04-10 07:37:59
16.76,2025-04-10 07:44:00
16.76,2025-04-10 07:49:25
16.76,2025-04-10 07:54:45
16.76,2025-04-10 07:59:59
19.91,2025-04-10 08:24:12
15.76,2025-04-10 08:42:14
15.76,2025-04-10 08:53:23
15.76,2025-04-10 08:58:50
19.07,2025-04-10 09:16:50
13.76,2025-04-10 09:32:05
13.76,2025-04-10 09:41:54
13.76,2025-04-10 09:47:27
13.76,2025-04-10 09:52:54
13.76,2025-04-10 09:58:11
15.73,2025-04-10 10:15:32
11.76,2025-04-10 10:35:39
11.76,2025-04-10 10:46:50
11.76,2025-04-10 10:52:28
11.76,2025-04-10 10:57:46
11.76,2025-04-10 11:11:25
13.65,2025-04-10 11:24:36
13.54,2025-04-10 11:30:09
10.76,2025-04-10 11:36:41
10.76,2025-04-10 11:42:03
10.76,2025-04-10 11:47:42
10.76,2025-04-10 11:53:12
10.76,2025-04-10 11:58:39
9.76,2025-04-10 12:31:23
9.76,2025-04-10 13:04:21
8.76,2025-04-10 13:33:49
8.76,2025-04-10 13:46:03
8.76,2025-04-10 13:51:33
8.76,2025-04-10 13:56:59
12.5,2025-04-10 14:12:13
7.76,2025-04-10 14:32:49
7.76,2025-04-10 14:43:33
7.76,2025-04-10 14:49:18
7.76,2025-04-10 14:54:48
7.76,2025-04-10 15:00:15
7.76,2025-04-10 15:20:24
7.76,2025-04-10 15:34:57
7.76,2025-04-10 15:44:13
7.76,2025-04-10 15:49:55
7.76,2025-04-10 15:55:37
6.76,2025-04-10 16:10:50
6.76,2025-04-10 16:36:02
6.76,2025-04-10 16:50:13
6.76,2025-04-10 16:57:00
6.76,2025-04-10 17:10:40
6.76,2025-04-10 17:28:45
6.76,2025-04-10 17:38:22
6.76,2025-04-10 17:43:50
6.76,2025-04-10 17:49:34
6.76,2025-04-10 17:54:56
6.76,2025-04-10 18:00:22
6.76,2025-04-10 18:24:21
6.76,2025-04-10 18:41:15
6.76,2025-04-10 18:50:11
6.76,2025-04-10 18:55:36
6.76,2025-04-10 19:06:55
6.76,2025-04-10 19:19:55
6.76,2025-04-10 19:25:28
6.76,2025-04-10 19:31:24
6.76,2025-04-10 19:38:20
6.76,2025-04-10 19:43:41
6.76,2025-04-10 19:49:14
6.76,2025-04-10 19:54:26
6.76,2025-04-10 19:59:57
6.76,2025-04-10 20:19:21
6.76,2025-04-10 20:33:05
6.76,2025-04-10 20:42:46
6.76,2025-04-10 20:48:12
6.76,2025-04-10 20:53:39
6.76,2025-04-10 20:59:05
6.76,2025-04-10 21:15:10
6.76,2025-04-10 21:28:12
6.76,2025-04-10 21:35:47
6.76,2025-04-10 21:41:27
6.76,2025-04-10 21:46:51
6.76,2025-04-10 21:52:37
6.76,2025-04-10 21:58:04
6.76,2025-04-10 22:14:32
6.76,2025-04-10 22:33:12
6.76,2025-04-10 22:43:34
6.76,2025-04-10 22:48:53
6.76,2025-04-10 22:54:15
6.76,2025-04-10 22:59:24
12.28,2025-04-10 23:16:08
10.76,2025-04-10 23:29:58
10.76,2025-04-10 23:38:03
10.76,2025-04-10 23:43:57
10.76,2025-04-10 23:49:13
10.76,2025-04-10 23:54:39
10.76,2025-04-11 00:00:12
15.76,2025-04-11 01:25:25
18.76,2025-04-11 02:43:23
20.76,2025-04-11 03:23:12
20.76,2025-04-11 03:45:22
20.76,2025-04-11 03:54:26
20.76,2025-04-11 04:00:04
22.76,2025-04-11 04:22:32
22.76,2025-04-11 04:40:35
22.76,2025-04-11 04:49:52
22.76,2025-04-11 04:55:15
22.76,2025-04-11 05:08:31
22.76,2025-04-11 05:31:16
22.76,2025-04-11 05:44:19
22.76,2025-04-11 05:50:02
22.76,2025-04-11 05:55:31
21.76,2025-04-11 06:12:49
21.76,2025-04-11 06:39:01
21.76,2025-04-11 06:51:04
21.76,2025-04-11 06:56:23
21.76,2025-04-11 07:10:37
21.76,2025-04-11 07:26:27
21.76,2025-04-11 07:33:52
21.76,2025-04-11 07:40:24
21.76,2025-04-11 07:45:52
21.76,2025-04-11 07:51:18
21.76,2025-04-11 07:56:53
19.76,2025-04-11 08:15:31
19.76,2025-04-11 08:37:17
19.76,2025-04-11 08:49:31
19.76,2025-04-11 08:55:32
19.76,2025-04-11 09:09:10
18.76,2025-04-11 09:28:50
18.76,2025-04-11 09:38:59
18.76,2025-04-11 09:44:53
18.76,2025-04-11 09:50:12
18.76,2025-04-11 09:55:39
16.76,2025-04-11 10:09:33
16.76,2025-04-11 10:32:41
16.76,2025-04-11 10:44:27
16.76,2025-04-11 10:50:15
16.76,2025-04-11 10:55:46
16.76,2025-04-11 11:07:50
13.76,2025-04-11 11:22:42
13.76,2025-04-11 11:28:54
13.76,2025-04-11 11:35:48
13.76,2025-04-11 11:41:20
13.76,2025-04-11 11:46:47
13.76,2025-04-11 11:52:26
13.76,2025-04-11 11:57:36
12.76,2025-04-11 12:25:10
12.76,2025-04-11 12:58:47
11.76,2025-04-11 13:24:31
11.76,2025-04-11 13:41:44
11.76,2025-04-11 13:48:36
11.76,2025-04-11 13:53:47
11.76,2025-04-11 13:59:20
11.76,2025-04-11 14:16:09
10.76,2025-04-11 14:33:59
10.76,2025-04-11 14:44:54
10.76,2025-04-11 14:50:07
10.76,2025-04-11 14:55:42
10.76,2025-04-11 15:09:39
9.76,2025-04-11 15:29:14
9.76,2025-04-11 15:39:36
9.76,2025-04-11 15:46:00
9.76,2025-04-11 15:51:17
9.76,2025-04-11 15:56:24
9.76,2025-04-11 16:12:49
9.76,2025-04-11 16:36:21
9.76,2025-04-11 16:49:19
9.76,2025-04-11 16:55:53
9.76,2025-04-11 17:08:10
9.76,2025-04-11 17:25:14
9.76,2025-04-11 17:34:38
9.76,2025-04-11 17:42:43
9.76,2025-04-11 17:48:24
9.76,2025-04-11 17:53:41
9.76,2025-04-11 17:58:49
9.76,2025-04-11 18:21:02
9.76,2025-04-11 18:42:09
9.76,2025-04-11 18:51:48
9.76,2025-04-11 18:57:13
9.76,2025-04-11 19:10:03
10.76,2025-04-11 19:22:06
10.76,2025-04-11 19:28:20
10.76,2025-04-11 19:35:27
10.76,2025-04-11 19:41:00
10.76,2025-04-11 19:46:26
10.76,2025-04-11 19:51:42
10.76,2025-04-11 19:57:11
9.76,2025-04-11 20:13:04
9.76,2025-04-11 20:30:29
9.76,2025-04-11 20:40:13
9.76,2025-04-11 20:45:55
9.76,2025-04-11 20:51:15
9.76,2025-04-11 20:56:29
9.76,2025-04-11 21:09:41
9.76,2025-04-11 21:25:19
9.76,2025-04-11 21:32:19
9.76,2025-04-11 21:39:40
9.76,2025-04-11 21:45:03
9.76,2025-04-11 21:50:15
9.76,2025-04-11 21:55:58
9.76,2025-04-11 22:09:09
10.76,2025-04-11 22:30:26
10.76,2025-04-11 22:41:51
10.76,2025-04-11 22:49:11
10.76,2025-04-11 22:54:30
10.76,2025-04-11 22:59:46
15.76,2025-04-11 23:16:20
15.76,2025-04-11 23:28:35
15.76,2025-04-11 23:36:12
15.76,2025-04-11 23:41:56
15.76,2025-04-11 23:47:23
15.76,2025-04-11 23:52:56
15.76,2025-04-11 23:58:22
17.76,2025-04-12 01:08:20
21.76,2025-04-12 02:35:55
21.76,2025-04-12 03:18:36
21.76,2025-04-12 03:42:51
21.76,2025-04-12 03:52:02
21.76,2025-04-12 03:57:28
19.76,2025-04-12 04:14:43
19.76,2025-04-12 04:33:54
15.76,2025-04-12 04:44:37
15.76,2025-04-12 04:50:16
15.76,2025-04-12 04:55:48
15.76,2025-04-12 05:08:38
16.76,2025-04-12 05:27:31
16.76,2025-04-12 05:37:05
16.76,2025-04-12 05:42:44
16.76,2025-04-12 05:48:10
16.76,2025-04-12 05:53:34
16.76,2025-04-12 05:59:03
16.76,2025-04-12 06:20:16
16.76,2025-04-12 06:39:46
16.76,2025-04-12 06:49:08
16.76,2025-04-12 06:54:43
16.76,2025-04-12 07:00:09
15.76,2025-04-12 07:16:04
15.76,2025-04-12 07:26:43
15.76,2025-04-12 07:32:41
15.76,2025-04-12 07:39:07
15.76,2025-04-12 07:44:34
15.76,2025-04-12 07:49:58
15.76,2025-04-12 07:55:22
15.76,2025-04-12 08:10:10
11.76,2025-04-12 08:31:09
11.76,2025-04-12 08:42:39
11.76,2025-04-12 08:50:40
11.76,2025-04-12 08:55:45
8.76,2025-04-12 09:08:19
8.76,2025-04-12 09:27:05
8.76,2025-04-12 09:35:55
8.76,2025-04-12 09:41:32
8.76,2025-04-12 09:46:40
8.76,2025-04-12 09:52:04
8.76,2025-04-12 09:57:16
6.76,2025-04-12 10:11:23
6.76,2025-04-12 10:30:14
6.76,2025-04-12 10:39:22
6.76,2025-04-12 10:44:45
6.76,2025-04-12 10:50:18
6.76,2025-04-12 10:55:54
6.76,2025-04-12 11:07:02
6.41,2025-04-12 11:19:50
5.76,2025-04-12 11:25:58
4.76,2025-04-12 11:31:56
4.76,2025-04-12 11:38:24
4.76,2025-04-12 11:43:56
4.76,2025-04-12 11:49:16
4.76,2025-04-12 11:54:47
4.76,2025-04-12 12:00:23
4.76,2025-04-12 12:33:57
4.76,2025-04-12 12:59:23
1.76,2025-04-12 13:20:37
1.76,2025-04-12 13:33:03
1.76,2025-04-12 13:40:11
1.76,2025-04-12 13:45:40
1.76,2025-04-12 13:50:53
0.76,2025-04-12 13:56:20
0.76,2025-04-12 14:08:08
0.76,2025-04-12 14:25:35
0.76,2025-04-12 14:35:07
0.76,2025-04-12 14:41:48
0.76,2025-04-12 14:47:13
0.76,2025-04-12 14:52:37
0.76,2025-04-12 14:58:00
0.76,2025-04-12 15:12:28
0.76,2025-04-12 15:26:53
0.76,2025-04-12 15:34:35
0.76,2025-04-12 15:41:57
0.76,2025-04-12 15:47:14
0.76,2025-04-12 15:52:37
0.76,2025-04-12 15:57:59
0.76,2025-04-12 16:15:20
0.76,2025-04-12 16:34:09
0.76,2025-04-12 16:44:11
0.76,2025-04-12 16:50:41
0.76,2025-04-12 16:55:50
1.76,2025-04-12 17:07:34
1.76,2025-04-12 17:25:48
1.76,2025-04-12 17:36:00
1.76,2025-04-12 17:41:49
1.76,2025-04-12 17:47:00
1.76,2025-04-12 17:52:33
1.76,2025-04-12 17:57:44
2.76,2025-04-12 18:15:55
2.76,2025-04-12 18:35:38
2.76,2025-04-12 18:46:16
2.76,2025-04-12 18:51:49
2.76,2025-04-12 18:57:17
2.76,2025-04-12 19:10:13
3.76,2025-04-12 19:21:22
3.76,2025-04-12 19:26:40
3.76,2025-04-12 19:33:12
3.76,2025-04-12 19:39:21
3.76,2025-04-12 19:44:40
3.76,2025-04-12 19:50:08
3.76,2025-04-12 19:55:30
3.76,2025-04-12 20:08:24
4.76,2025-04-12 20:26:21
4.76,2025-04-12 20:34:20
4.76,2025-04-12 20:41:18
4.76,2025-04-12 20:46:29
4.76,2025-04-12 20:51:57
4.76,2025-04-12 20:57:28
4.76,2025-04-12 21:10:42
4.76,2025-04-12 21:24:07
4.76,2025-04-12 21:29:42
4.76,2025-04-12 21:36:16
4.76,2025-04-12 21:41:19
4.76,2025-04-12 21:46:46
4.76,2025-04-12 21:52:15
4.76,2025-04-12 21:57:47
6.76,2025-04-12 22:11:33
6.76,2025-04-12 22:29:11
6.76,2025-04-12 22:38:27
6.76,2025-04-12 22:43:53
6.76,2025-04-12 22:49:17
6.76,2025-04-12 22:54:44
6.76,2025-04-12 23:00:00
6.44,2025-04-12 23:16:38
7.76,2025-04-12 23:59:28
7.76,2025-04-13 02:21:35
6.76,2025-04-13 04:14:59
6.76,2025-04-13 04:57:00
3.76,2025-04-13 05:18:06
3.76,2025-04-13 05:37:43
3.76,2025-04-13 05:46:27
3.76,2025-04-13 05:52:01
3.76,2025-04-13 05:57:13
3.76,2025-04-13 06:16:05
6.76,2025-04-13 06:38:58
6.76,2025-04-13 06:48:38
6.76,2025-04-13 06:54:04
6.76,2025-04-13 06:59:12
6.76,2025-04-13 07:14:40
6.76,2025-04-13 07:26:46
6.76,2025-04-13 07:32:54
6.76,2025-04-13 07:38:55
6.76,2025-04-13 07:44:09
6.76,2025-04-13 07:49:31
6.76,2025-04-13 07:55:12
6.76,2025-04-13 08:09:33
6.76,2025-04-13 08:31:48
6.76,2025-04-13 08:43:26
6.76,2025-04-13 08:50:09
6.76,2025-04-13 08:55:27
6.76,2025-04-13 09:08:07
6.76,2025-04-13 09:27:07
6.76,2025-04-13 09:36:40
6.76,2025-04-13 09:43:04
6.76,2025-04-13 09:48:11
6.76,2025-04-13 09:53:25
6.76,2025-04-13 09:58:59
5.76,2025-04-13 10:16:11
5.76,2025-04-13 10:34:18
5.76,2025-04-13 10:43:55
5.76,2025-04-13 10:49:25
5.76,2025-04-13 10:54:46
5.76,2025-04-13 11:00:02
5.76,2025-04-13 11:13:37
5.76,2025-04-13 11:23:44
5.76,2025-04-13 11:29:08
5.76,2025-04-13 11:36:27
5.76,2025-04-13 11:41:51
5.76,2025-04-13 11:47:12
5.76,2025-04-13 11:52:29
5.76,2025-04-13 11:57:42
5.76,2025-04-13 12:22:57
5.76,2025-04-13 12:54:09
5.76,2025-04-13 13:15:47
5.76,2025-04-13 13:35:16
5.76,2025-04-13 13:44:53
5.76,2025-04-13 13:50:13
5.76,2025-04-13 13:55:35
5.76,2025-04-13 14:07:23
5.76,2025-04-13 14:25:10
5.76,2025-04-13 14:34:54
5.76,2025-04-13 14:42:11
5.76,2025-04-13 14:47:46
5.76,2025-04-13 14:53:18
5.76,2025-04-13 14:58:28
5.76,2025-04-13 15:14:15
5.76,2025-04-13 15:30:09
5.76,2025-04-13 15:38:50
5.76,2025-04-13 15:44:11
5.76,2025-04-13 15:49:38
5.76,2025-04-13 15:54:55
5.76,2025-04-13 16:00:13
4.76,2025-04-13 16:23:01
4.76,2025-04-13 16:41:18
4.76,2025-04-13 16:49:56
4.76,2025-04-13 16:55:10
4.76,2025-04-13 17:01:03
4.76,2025-04-13 17:16:39
4.76,2025-04-13 17:29:49
1.76,2025-04-13 17:37:55
1.76,2025-04-13 17:43:18
1.76,2025-04-13 17:48:51
1.76,2025-04-13 17:54:10
0.76,2025-04-13 17:59:40
0.76,2025-04-13 18:22:05
0.76,2025-04-13 18:39:42
0.76,2025-04-13 18:48:00
0.76,2025-04-13 18:53:33
0.76,2025-04-13 18:58:47
2.76,2025-04-13 19:12:19
2.76,2025-04-13 19:21:28
2.76,2025-04-13 19:26:39
2.76,2025-04-13 19:33:01
2.76,2025-04-13 19:38:51
2.76,2025-04-13 19:44:26
2.76,2025-04-13 19:49:41
2.76,2025-04-13 19:55:09
2.76,2025-04-13 20:07:45
2.76,2025-04-13 20:26:40
2.76,2025-04-13 20:35:40
2.76,2025-04-13 20:42:08
2.76,2025-04-13 20:47:25
2.76,2025-04-13 20:52:56
2.76,2025-04-13 20:58:09
6.3,2025-04-13 21:12:45
3.76,2025-04-13 21:26:09
3.76,2025-04-13 21:32:31
3.76,2025-04-13 21:39:02
3.76,2025-04-13 21:44:25
3.76,2025-04-13 21:49:34
3.76,2025-04-13 21:54:49
3.76,2025-04-13 22:00:06
3.76,2025-04-13 22:16:23
3.76,2025-04-13 22:31:48
3.76,2025-04-13 22:40:57
3.76,2025-04-13 22:46:13
3.76,2025-04-13 22:51:26
3.76,2025-04-13 22:57:00
3.76,2025-04-13 23:12:13
4.76,2025-04-13 23:27:25
4.76,2025-04-13 23:36:29
4.76,2025-04-13 23:43:50
4.76,2025-04-13 23:49:15
4.76,2025-04-13 23:54:24
4.76,2025-04-13 23:59:35
6.76,2025-04-14 01:23:15
5.76,2025-04-14 02:47:38
6.76,2025-04-14 03:29:01
6.76,2025-04-14 03:51:04
6.76,2025-04-14 03:58:34
5.76,2025-04-14 04:18:02
5.76,2025-04-14 04:37:14
5.76,2025-04-14 04:47:33
5.76,2025-04-14 04:53:18
5.76,2025-04-14 04:58:26
5.78,2025-04-14 05:15:45
6.76,2025-04-14 05:33:22
6.76,2025-04-14 05:43:42
6.76,2025-04-14 05:48:51
6.76,2025-04-14 05:54:29
6.76,2025-04-14 05:59:44
5.76,2025-04-14 06:27:13
5.76,2025-04-14 06:47:14
5.76,2025-04-14 06:55:48
5.76,2025-04-14 07:10:13
5.76,2025-04-14 07:27:49
5.76,2025-04-14 07:36:43
5.76,2025-04-14 07:42:34
5.76,2025-04-14 07:48:10
5.76,2025-04-14 07:53:45
5.76,2025-04-14 07:59:04
5.76,2025-04-14 08:21:59
5.76,2025-04-14 08:42:36
5.76,2025-04-14 08:53:10
5.76,2025-04-14 08:58:19
5.76,2025-04-14 09:16:44
5.76,2025-04-14 09:33:20
5.76,2025-04-14 09:43:27
5.76,2025-04-14 09:49:15
5.76,2025-04-14 09:54:42
5.76,2025-04-14 10:00:00
5.76,2025-04-14 10:20:46
5.76,2025-04-14 10:40:50
5.76,2025-04-14 10:50:02
5.76,2025-04-14 10:55:16
5.76,2025-04-14 11:07:04
5.76,2025-04-14 11:22:43
5.76,2025-04-14 11:29:34
5.76,2025-04-14 11:36:22
5.76,2025-04-14 11:42:00
5.76,2025-04-14 11:47:44
5.76,2025-04-14 11:53:25
5.76,2025-04-14 11:58:44
4.76,2025-04-14 12:31:39
4.76,2025-04-14 13:04:59
4.76,2025-04-14 13:34:52
4.76,2025-04-14 13:47:19
4.76,2025-04-14 13:52:46
4.76,2025-04-14 13:58:03
3.76,2025-04-14 14:14:17
3.76,2025-04-14 14:34:38
3.76,2025-04-14 14:46:36
3.76,2025-04-14 14:51:51
3.76,2025-04-14 14:57:08
6.11,2025-04-14 15:13:03
3.76,2025-04-14 15:30:23
3.76,2025-04-14 15:40:33
3.76,2025-04-14 15:47:01
3.76,2025-04-14 15:52:30
3.76,2025-04-14 15:58:05
2.76,2025-04-14 16:17:37
2.76,2025-04-14 16:40:33
2.76,2025-04-14 16:52:59
2.76,2025-04-14 16:58:24
5.5,2025-04-14 17:13:19
1.76,2025-04-14 17:30:05
1.76,2025-04-14 17:39:37
1.76,2025-04-14 17:45:01
1.76,2025-04-14 17:50:28
1.76,2025-04-14 17:56:04
1.76,2025-04-14 18:13:43
0.76,2025-04-14 18:39:12
0.76,2025-04-14 18:51:01
0.76,2025-04-14 18:56:12
0.76,2025-04-14 19:08:03
4.89,2025-04-14 19:22:14
-0.24,2025-04-14 19:28:16
-0.24,2025-04-14 19:35:27
-0.24,2025-04-14 19:41:11
-0.24,2025-04-14 19:46:31
-0.24,2025-04-14 19:52:00
-0.24,2025-04-14 19:57:25
4.7,2025-04-14 20:14:04
-1.24,2025-04-14 20:32:08
-1.24,2025-04-14 20:42:29
-1.24,2025-04-14 20:48:39
-1.24,2025-04-14 20:54:06
-1.24,2025-04-14 20:59:24
0.76,2025-04-14 21:15:53
0.76,2025-04-14 21:28:36
0.76,2025-04-14 21:36:28
0.76,2025-04-14 21:42:33
0.76,2025-04-14 21:48:00
0.76,2025-04-14 21:53:28
0.76,2025-04-14 21:58:38
0.76,2025-04-14 22:14:25
1.76,2025-04-14 22:32:11
1.76,2025-04-14 22:42:30
1.76,2025-04-14 22:47:59
1.76,2025-04-14 22:53:25
1.76,2025-04-14 22:58:47
1.76,2025-04-14 23:14:16
5.76,2025-04-14 23:27:43
5.76,2025-04-14 23:35:58
5.76,2025-04-14 23:42:27
5.76,2025-04-14 23:47:56
5.76,2025-04-14 23:53:16
5.76,2025-04-14 23:58:32
10.76,2025-04-15 01:13:07
11.76,2025-04-15 02:44:21
12.76,2025-04-15 03:27:16
12.76,2025-04-15 03:48:59
12.76,2025-04-15 03:56:54
12.37,2025-04-15 04:14:05
12.76,2025-04-15 04:34:22
12.76,2025-04-15 04:47:12
12.76,2025-04-15 04:54:01
12.76,2025-04-15 04:59:06
12.76,2025-04-15 05:16:22
13.76,2025-04-15 05:33:04
13.76,2025-04-15 05:43:33
13.76,2025-04-15 05:48:49
13.76,2025-04-15 05:54:28
13.76,2025-04-15 05:59:57
12.76,2025-04-15 06:26:36
12.76,2025-04-15 06:45:31
12.76,2025-04-15 06:53:55
12.76,2025-04-15 06:59:29
12.76,2025-04-15 07:17:19
12.76,2025-04-15 07:32:32
12.76,2025-04-15 07:41:52
12.76,2025-04-15 07:47:02
12.76,2025-04-15 07:52:32
12.76,2025-04-15 07:58:00
11.9,2025-04-15 08:19:21
11.76,2025-04-15 08:41:48
11.76,2025-04-15 08:53:50
11.76,2025-04-15 08:58:58
10.9,2025-04-15 09:18:04
9.76,2025-04-15 09:33:26
9.76,2025-04-15 09:43:15
9.76,2025-04-15 09:48:58
9.76,2025-04-15 09:54:26
9.76,2025-04-15 09:59:52
8.76,2025-04-15 10:19:42
8.76,2025-04-15 10:40:18
8.76,2025-04-15 10:49:15
8.76,2025-04-15 10:54:40
8.76,2025-04-15 10:59:58
7.76,2025-04-15 11:15:11
7.76,2025-04-15 11:26:24
7.76,2025-04-15 11:33:06
7.76,2025-04-15 11:41:24
7.76,2025-04-15 11:46:54
7.76,2025-04-15 11:52:26
7.76,2025-04-15 11:57:52
7.76,2025-04-15 12:27:08
7.76,2025-04-15 13:01:38
6.76,2025-04-15 13:31:39
6.76,2025-04-15 13:46:35
6.76,2025-04-15 13:52:42
6.76,2025-04-15 13:58:02
8.97,2025-04-15 14:14:14
6.76,2025-04-15 14:34:28
6.76,2025-04-15 14:46:36
6.76,2025-04-15 14:52:08
6.76,2025-04-15 14:57:25
8.63,2025-04-15 15:12:43
6.76,2025-04-15 15:31:26
6.76,2025-04-15 15:42:27
6.76,2025-04-15 15:48:39
6.76,2025-04-15 15:54:04
6.76,2025-04-15 15:59:30
5.76,2025-04-15 16:20:16
5.76,2025-04-15 16:40:57
5.76,2025-04-15 16:51:35
5.76,2025-04-15 16:57:21
5.76,2025-04-15 17:11:40
3.76,2025-04-15 17:29:37
3.76,2025-04-15 17:39:25
3.76,2025-04-15 17:45:11
3.76,2025-04-15 17:50:30
3.76,2025-04-15 17:55:45
3.76,2025-04-15 18:10:40
5.76,2025-04-15 18:36:00
5.76,2025-04-15 18:49:03
5.76,2025-04-15 18:55:05
5.76,2025-04-15 19:00:41
5.76,2025-04-15 19:15:53
7.45,2025-04-15 19:25:01
4.76,2025-04-15 19:30:27
4.76,2025-04-15 19:37:24
4.76,2025-04-15 19:42:54
4.76,2025-04-15 19:48:26
4.76,2025-04-15 19:54:05
4.76,2025-04-15 19:59:32
7.72,2025-04-15 20:19:11
5.76,2025-04-15 20:33:29
5.76,2025-04-15 20:43:14
5.76,2025-04-15 20:48:59
5.76,2025-04-15 20:54:31
5.76,2025-04-15 21:00:01
5.76,2025-04-15 21:16:56
5.76,2025-04-15 21:29:04
5.76,2025-04-15 21:36:56
5.76,2025-04-15 21:42:06
5.76,2025-04-15 21:47:37
5.76,2025-04-15 21:53:01
5.76,2025-04-15 21:58:13
5.76,2025-04-15 22:13:52
6.76,2025-04-15 22:32:18
6.76,2025-04-15 22:42:52
6.76,2025-04-15 22:48:16
6.76,2025-04-15 22:53:42
6.76,2025-04-15 22:59:15
6.76,2025-04-15 23:15:49
9.76,2025-04-15 23:28:23
9.76,2025-04-15 23:36:26
9.76,2025-04-15 23:42:34
9.76,2025-04-15 23:48:12
9.76,2025-04-15 23:53:39
9.76,2025-04-15 23:58:59
12.76,2025-04-16 01:16:42
14.76,2025-04-16 02:44:26
17.76,2025-04-16 03:26:26
17.76,2025-04-16 03:48:04
17.76,2025-04-16 03:56:43
17.76,2025-04-16 04:13:25
19.76,2025-04-16 04:33:53
19.76,2025-04-16 04:45:56
19.76,2025-04-16 04:53:09
19.76,2025-04-16 04:58:45
21.76,2025-04-16 05:16:01
21.76,2025-04-16 05:32:50
21.76,2025-04-16 05:43:07
21.76,2025-04-16 05:48:39
21.76,2025-04-16 05:54:06
21.76,2025-04-16 05:59:38
20.76,2025-04-16 06:25:17
20.76,2025-04-16 06:44:56
20.76,2025-04-16 06:54:42
20.76,2025-04-16 07:00:05
21.76,2025-04-16 07:18:18
21.76,2025-04-16 07:30:25
21.76,2025-04-16 07:38:47
21.76,2025-04-16 07:44:21
21.76,2025-04-16 07:49:48
21.76,2025-04-16 07:55:00
21.76,2025-04-16 08:00:16
20.76,2025-04-16 08:26:13
20.76,2025-04-16 08:44:12
20.76,2025-04-16 08:54:43
20.76,2025-04-16 08:59:53
19.76,2025-04-16 09:20:03
19.76,2025-04-16 09:35:46
19.76,2025-04-16 09:45:36
19.76,2025-04-16 09:50:48
19.76,2025-04-16 09:56:21
19.76,2025-04-16 10:10:58
18.76,2025-04-16 10:35:27
18.76,2025-04-16 10:47:01
18.76,2025-04-16 10:52:36
18.76,2025-04-16 10:57:47
17.76,2025-04-16 11:11:31
17.76,2025-04-16 11:24:56
17.76,2025-04-16 11:30:07
17.76,2025-04-16 11:37:04
17.76,2025-04-16 11:42:27
17.76,2025-04-16 11:48:05
17.76,2025-04-16 11:53:34
17.76,2025-04-16 11:58:44
15.76,2025-04-16 12:31:33
15.76,2025-04-16 13:05:09
15.76,2025-04-16 13:34:18
15.76,2025-04-16 13:46:23
15.76,2025-04-16 13:51:48
15.76,2025-04-16 13:57:14
15.76,2025-04-16 14:13:01
15.76,2025-04-16 14:32:02
15.76,2025-04-16 14:43:50
15.76,2025-04-16 14:50:03
15.76,2025-04-16 14:55:33
15.76,2025-04-16 15:09:19
14.76,2025-04-16 15:30:34
14.76,2025-04-16 15:42:12
14.76,2025-04-16 15:48:44
14.76,2025-04-16 15:54:31
14.76,2025-04-16 16:00:03
15.76,2025-04-16 16:23:12
15.76,2025-04-16 16:44:16
15.76,2025-04-16 16:54:56
15.76,2025-04-16 17:00:22
15.76,2025-04-16 17:16:40
15.76,2025-04-16 17:31:23
15.76,2025-04-16 17:41:19
15.76,2025-04-16 17:46:44
15.76,2025-04-16 17:52:16
15.76,2025-04-16 17:57:24
13.76,2025-04-16 18:17:39
13.76,2025-04-16 18:42:24
13.76,2025-04-16 18:52:23
13.76,2025-04-16 18:57:37
13.76,2025-04-16 19:09:47
13.76,2025-04-16 19:20:47
13.81,2025-04-16 19:27:45
13.76,2025-04-16 19:34:51
13.76,2025-04-16 19:40:23
13.76,2025-04-16 19:45:39
13.76,2025-04-16 19:51:00
13.76,2025-04-16 19:56:23
13.76,2025-04-16 20:12:16
14.76,2025-04-16 20:31:08
14.76,2025-04-16 20:41:38
14.76,2025-04-16 20:47:49
14.76,2025-04-16 20:53:12
14.76,2025-04-16 20:58:49
13.05,2025-04-16 21:14:27
12.76,2025-04-16 21:28:22
12.76,2025-04-16 21:36:59
12.76,2025-04-16 21:42:58
12.76,2025-04-16 21:48:34
12.76,2025-04-16 21:53:49
12.76,2025-04-16 21:59:10
15.76,2025-04-16 22:15:09
15.76,2025-04-16 22:33:29
15.76,2025-04-16 22:43:53
15.76,2025-04-16 22:49:28
15.76,2025-04-16 22:54:55
15.76,2025-04-16 23:00:11
14.87,2025-04-16 23:17:03
17.76,2025-04-16 23:28:47
17.76,2025-04-16 23:37:16
17.76,2025-04-16 23:44:02
17.76,2025-04-16 23:49:14
17.76,2025-04-16 23:54:38
17.76,2025-04-16 23:59:57
19.76,2025-04-17 01:24:04
20.76,2025-04-17 02:44:33
22.79,2025-04-17 03:25:26
22.76,2025-04-17 03:47:28
22.76,2025-04-17 03:56:28
22.76,2025-04-17 04:13:12
22.76,2025-04-17 04:34:51
22.76,2025-04-17 04:46:53
22.76,2025-04-17 04:52:46
22.76,2025-04-17 04:58:08
24.8,2025-04-17 05:14:31
22.76,2025-04-17 05:32:40
22.76,2025-04-17 05:43:03
22.76,2025-04-17 05:48:35
22.76,2025-04-17 05:53:58
22.76,2025-04-17 05:59:12
23.76,2025-04-17 06:23:42
23.76,2025-04-17 06:44:03
23.76,2025-04-17 06:53:20
23.76,2025-04-17 06:58:32
21.76,2025-04-17 07:15:06
21.76,2025-04-17 07:29:31
21.76,2025-04-17 07:39:29
21.76,2025-04-17 07:45:59
21.76,2025-04-17 07:51:22
21.76,2025-04-17 07:56:44
19.76,2025-04-17 08:15:37
19.76,2025-04-17 08:37:36
19.76,2025-04-17 08:50:20
19.76,2025-04-17 08:56:52
18.76,2025-04-17 09:12:14
18.76,2025-04-17 09:30:43
18.76,2025-04-17 09:40:48
18.76,2025-04-17 09:46:29
18.76,2025-04-17 09:52:03
18.76,2025-04-17 09:57:19
18.76,2025-04-17 10:13:41
17.76,2025-04-17 10:34:57
17.76,2025-04-17 10:46:01
17.76,2025-04-17 10:51:39
17.76,2025-04-17 10:57:09
17.76,2025-04-17 11:10:05
18.76,2025-04-17 11:23:23
18.76,2025-04-17 11:30:05
18.76,2025-04-17 11:36:51
18.76,2025-04-17 11:42:49
18.76,2025-04-17 11:48:29
18.76,2025-04-17 11:53:57
18.76,2025-04-17 11:59:22
17.76,2025-04-17 12:33:51
17.76,2025-04-17 13:04:57
16.76,2025-04-17 13:33:18
16.76,2025-04-17 13:44:43
16.76,2025-04-17 13:50:23
16.76,2025-04-17 13:55:38
17.8,2025-04-17 14:08:57
15.76,2025-04-17 14:30:00
15.76,2025-04-17 14:41:49
15.76,2025-04-17 14:48:02
15.76,2025-04-17 14:53:38
15.76,2025-04-17 14:59:22
16.92,2025-04-17 15:17:38
14.76,2025-04-17 15:32:38
14.76,2025-04-17 15:42:31
14.76,2025-04-17 15:47:35
14.76,2025-04-17 15:53:18
14.76,2025-04-17 15:58:41
16.76,2025-04-17 16:19:14
16.76,2025-04-17 16:41:32
16.76,2025-04-17 16:53:40
16.76,2025-04-17 16:59:06
16.76,2025-04-17 17:14:31
16.76,2025-04-17 17:31:26
16.76,2025-04-17 17:41:09
16.76,2025-04-17 17:46:25
16.76,2025-04-17 17:51:54
16.76,2025-04-17 17:57:23
15.76,2025-04-17 18:17:03
15.76,2025-04-17 18:41:18
15.76,2025-04-17 18:51:26
15.76,2025-04-17 18:56:38
15.76,2025-04-17 19:08:31
15.76,2025-04-17 19:21:38
15.76,2025-04-17 19:27:25
15.76,2025-04-17 19:34:46
15.76,2025-04-17 19:40:20
15.76,2025-04-17 19:45:37
15.76,2025-04-17 19:51:06
14.76,2025-04-17 19:56:35
14.76,2025-04-17 20:12:09
14.76,2025-04-17 20:30:01
14.76,2025-04-17 20:39:57
14.76,2025-04-17 20:46:19
14.76,2025-04-17 20:51:39
14.76,2025-04-17 20:56:57
14.76,2025-04-17 21:10:56
14.76,2025-04-17 21:25:31
14.76,2025-04-17 21:31:55
14.76,2025-04-17 21:40:01
14.76,2025-04-17 21:45:26
14.76,2025-04-17 21:50:57
14.76,2025-04-17 21:56:18
14.76,2025-04-17 22:09:33
15.76,2025-04-17 22:29:23
15.76,2025-04-17 22:39:52
15.76,2025-04-17 22:45:19
15.76,2025-04-17 22:50:44
15.76,2025-04-17 22:56:24
15.76,2025-04-17 23:09:52
14.5,2025-04-17 23:25:43
13.76,2025-04-17 23:34:09
13.76,2025-04-17 23:41:41
13.76,2025-04-17 23:47:02
13.76,2025-04-17 23:52:47
13.76,2025-04-17 23:58:15
12.76,2025-04-18 01:08:31
16.76,2025-04-18 02:37:32
18.76,2025-04-18 03:21:37
18.76,2025-04-18 03:44:57
18.76,2025-04-18 03:54:09
18.76,2025-04-18 03:59:19
20.76,2025-04-18 04:19:46
20.76,2025-04-18 04:39:24
20.76,2025-04-18 04:50:22
20.76,2025-04-18 04:55:41
20.76,2025-04-18 05:09:37
21.76,2025-04-18 05:30:08
21.76,2025-04-18 05:40:32
21.76,2025-04-18 05:45:59
21.76,2025-04-18 05:51:26
21.76,2025-04-18 05:56:38
22.76,2025-04-18 06:15:46
22.76,2025-04-18 06:41:23
22.76,2025-04-18 06:51:43
22.76,2025-04-18 06:57:12
22.76,2025-04-18 07:12:18
22.76,2025-04-18 07:28:42
22.76,2025-04-18 07:36:50
22.76,2025-04-18 07:42:28
22.76,2025-04-18 07:47:59
22.76,2025-04-18 07:53:15
22.76,2025-04-18 07:58:27
23.87,2025-04-18 08:18:52
21.76,2025-04-18 08:38:42
21.76,2025-04-18 08:49:43
21.76,2025-04-18 08:55:18
21.76,2025-04-18 09:08:29
20.76,2025-04-18 09:29:02
20.76,2025-04-18 09:39:26
20.76,2025-04-18 09:45:11
20.76,2025-04-18 09:50:44
20.76,2025-04-18 09:56:07
20.76,2025-04-18 10:10:37
16.76,2025-04-18 10:33:52
16.76,2025-04-18 10:46:22
16.76,2025-04-18 10:51:58
16.76,2025-04-18 10:57:20
16.76,2025-04-18 11:10:28
14.76,2025-04-18 11:22:53
14.76,2025-04-18 11:28:39
14.76,2025-04-18 11:36:20
14.76,2025-04-18 11:42:19
14.76,2025-04-18 11:47:49
14.76,2025-04-18 11:53:04
14.76,2025-04-18 11:58:25
13.76,2025-04-18 12:28:15
13.76,2025-04-18 12:59:53
13.76,2025-04-18 13:25:01
13.76,2025-04-18 13:38:42
13.76,2025-04-18 13:45:18
13.76,2025-04-18 13:50:57
13.76,2025-04-18 13:56:32
12.76,2025-04-18 14:09:58
12.76,2025-04-18 14:29:11
12.76,2025-04-18 14:39:45
12.76,2025-04-18 14:45:07
12.76,2025-04-18 14:50:41
12.76,2025-04-18 14:55:46
12.76,2025-04-18 15:09:05
14.76,2025-04-18 15:28:00
14.76,2025-04-18 15:38:10
14.76,2025-04-18 15:44:23
14.76,2025-04-18 15:49:51
14.76,2025-04-18 15:55:20
14.76,2025-04-18 16:09:37
14.76,2025-04-18 16:33:14
14.76,2025-04-18 16:45:37
14.76,2025-04-18 16:53:07
14.76,2025-04-18 16:58:31
14.76,2025-04-18 17:12:53
15.76,2025-04-18 17:29:18
15.76,2025-04-18 17:38:20
15.76,2025-04-18 17:43:34
15.76,2025-04-18 17:48:49
15.76,2025-04-18 17:54:07
15.76,2025-04-18 17:59:32
15.76,2025-04-18 18:22:51
15.76,2025-04-18 18:42:04
15.76,2025-04-18 18:51:47
15.76,2025-04-18 18:57:06
15.76,2025-04-18 19:09:26
14.76,2025-04-18 19:21:34
14.76,2025-04-18 19:27:07
14.76,2025-04-18 19:33:51
14.76,2025-04-18 19:39:49
14.76,2025-04-18 19:45:09
14.76,2025-04-18 19:50:29
14.76,2025-04-18 19:56:03
14.76,2025-04-18 20:10:24
14.76,2025-04-18 20:28:39
14.76,2025-04-18 20:38:04
14.76,2025-04-18 20:44:34
14.76,2025-04-18 20:50:10
14.76,2025-04-18 20:55:26
14.76,2025-04-18 21:07:23
14.76,2025-04-18 21:25:27
14.76,2025-04-18 21:33:19
14.76,2025-04-18 21:40:28
14.76,2025-04-18 21:45:57
14.76,2025-04-18 21:51:20
14.76,2025-04-18 21:56:30
14.76,2025-04-18 22:10:25
15.76,2025-04-18 22:29:53
15.76,2025-04-18 22:41:23
15.76,2025-04-18 22:47:03
15.76,2025-04-18 22:52:30
15.76,2025-04-18 22:57:40
16.76,2025-04-18 23:12:31
16.76,2025-04-18 23:27:45
16.76,2025-04-18 23:35:42
16.76,2025-04-18 23:42:05
16.76,2025-04-18 23:47:23
16.76,2025-04-18 23:53:00
16.76,2025-04-18 23:58:30
17.76,2025-04-19 01:08:16
18.76,2025-04-19 02:34:06
18.76,2025-04-19 03:10:00
17.76,2025-04-19 03:37:40
17.76,2025-04-19 03:49:44
17.76,2025-04-19 03:55:28
18.76,2025-04-19 04:09:58
18.76,2025-04-19 04:31:33
18.76,2025-04-19 04:43:04
18.76,2025-04-19 04:49:35
18.76,2025-04-19 04:54:33
18.76,2025-04-19 05:00:08
12.76,2025-04-19 05:17:49
12.76,2025-04-19 05:33:32
12.76,2025-04-19 05:42:55
12.76,2025-04-19 05:48:18
12.76,2025-04-19 05:53:53
12.76,2025-04-19 05:59:12
14.76,2025-04-19 06:21:24
14.76,2025-04-19 06:41:41
14.76,2025-04-19 06:50:49
14.76,2025-04-19 06:55:59
14.76,2025-04-19 07:08:19
13.76,2025-04-19 07:23:02
13.76,2025-04-19 07:28:44
13.76,2025-04-19 07:35:10
13.76,2025-04-19 07:40:40
13.76,2025-04-19 07:46:01
13.76,2025-04-19 07:51:37
13.76,2025-04-19 07:56:46
12.76,2025-04-19 08:13:08
11.76,2025-04-19 08:32:09
11.76,2025-04-19 08:43:27
11.76,2025-04-19 08:49:50
10.76,2025-04-19 08:55:19
10.76,2025-04-19 09:07:39
10.76,2025-04-19 09:25:43
10.76,2025-04-19 09:33:07
10.76,2025-04-19 09:39:50
10.76,2025-04-19 09:45:27
10.76,2025-04-19 09:50:55
10.76,2025-04-19 09:56:05
10.76,2025-04-19 10:09:02
10.76,2025-04-19 10:29:34
10.76,2025-04-19 10:39:33
10.76,2025-04-19 10:44:41
10.76,2025-04-19 10:49:54
10.76,2025-04-19 10:55:06
10.76,2025-04-19 11:00:53
10.76,2025-04-19 11:16:14
10.76,2025-04-19 11:25:25
10.76,2025-04-19 11:30:51
10.76,2025-04-19 11:37:02
10.76,2025-04-19 11:42:33
10.76,2025-04-19 11:48:06
10.76,2025-04-19 11:53:19
10.76,2025-04-19 11:58:28
11.76,2025-04-19 12:25:46
11.76,2025-04-19 12:54:25
11.76,2025-04-19 13:13:40
11.76,2025-04-19 13:31:21
11.76,2025-04-19 13:40:00
11.76,2025-04-19 13:45:12
11.76,2025-04-19 13:50:37
11.76,2025-04-19 13:56:07
11.76,2025-04-19 14:08:03
11.76,2025-04-19 14:25:37
11.76,2025-04-19 14:35:43
11.76,2025-04-19 14:42:09
11.76,2025-04-19 14:47:42
11.76,2025-04-19 14:53:05
11.76,2025-04-19 14:58:13
11.76,2025-04-19 15:12:58
9.76,2025-04-19 15:27:54
9.76,2025-04-19 15:35:43
9.76,2025-04-19 15:41:18
9.76,2025-04-19 15:46:45
9.76,2025-04-19 15:52:14
9.76,2025-04-19 15:57:25
9.76,2025-04-19 16:14:28
9.76,2025-04-19 16:35:03
9.76,2025-04-19 16:45:48
9.76,2025-04-19 16:51:22
9.76,2025-04-19 16:56:37
9.76,2025-04-19 17:09:30
8.76,2025-04-19 17:26:09
8.76,2025-04-19 17:35:32
8.76,2025-04-19 17:41:38
8.76,2025-04-19 17:47:06
8.76,2025-04-19 17:52:31
8.76,2025-04-19 17:57:58
9.76,2025-04-19 18:16:56
9.76,2025-04-19 18:36:17
9.76,2025-04-19 18:45:58
9.76,2025-04-19 18:51:20
9.76,2025-04-19 18:56:46
9.76,2025-04-19 19:09:43
9.76,2025-04-19 19:21:47
9.76,2025-04-19 19:27:35
9.76,2025-04-19 19:34:16
9.76,2025-04-19 19:39:43
9.76,2025-04-19 19:45:08
9.76,2025-04-19 19:50:42
9.76,2025-04-19 19:56:06
9.76,2025-04-19 20:10:05
8.76,2025-04-19 20:27:13
8.76,2025-04-19 20:36:46
8.76,2025-04-19 20:43:10
8.76,2025-04-19 20:48:19
8.76,2025-04-19 20:53:36
8.76,2025-04-19 20:58:50
8.76,2025-04-19 21:12:55
8.76,2025-04-19 21:25:38
8.76,2025-04-19 21:32:39
8.76,2025-04-19 21:39:13
8.76,2025-04-19 21:44:22
8.76,2025-04-19 21:49:50
8.76,2025-04-19 21:55:13
8.76,2025-04-19 22:06:49
8.76,2025-04-19 22:26:19
8.76,2025-04-19 22:36:50
8.76,2025-04-19 22:43:03
8.76,2025-04-19 22:48:47
8.76,2025-04-19 22:54:01
8.76,2025-04-19 22:59:12
9.76,2025-04-19 23:16:27
9.76,2025-04-19 23:29:41
9.76,2025-04-19 23:37:35
9.76,2025-04-19 23:42:53
9.76,2025-04-19 23:48:06
9.76,2025-04-19 23:53:31
9.76,2025-04-19 23:58:53
14.76,2025-04-20 01:20:02
17.76,2025-04-20 02:48:05
18.76,2025-04-20 03:28:35
18.76,2025-04-20 03:50:08
18.76,2025-04-20 03:57:35
20.76,2025-04-20 04:14:25
20.76,2025-04-20 04:33:00
20.76,2025-04-20 04:43:44
20.76,2025-04-20 04:50:23
20.76,2025-04-20 04:55:58
21.76,2025-04-20 05:08:59
21.76,2025-04-20 05:29:16
21.76,2025-04-20 05:39:32
21.76,2025-04-20 05:45:01
21.76,2025-04-20 05:50:25
21.76,2025-04-20 05:55:38
22.76,2025-04-20 06:11:37
22.76,2025-04-20 06:36:18
22.76,2025-04-20 06:47:55
22.76,2025-04-20 06:53:23
22.76,2025-04-20 06:58:38
25.96,2025-04-20 07:14:17
22.76,2025-04-20 07:27:02
22.76,2025-04-20 07:34:19
22.76,2025-04-20 07:40:20
22.76,2025-04-20 07:45:48
22.76,2025-04-20 07:51:13
22.76,2025-04-20 07:56:25
22.76,2025-04-20 08:12:16
22.76,2025-04-20 08:31:38
22.76,2025-04-20 08:42:24
22.76,2025-04-20 08:48:33
22.76,2025-04-20 08:53:40
22.76,2025-04-20 08:58:53
22.76,2025-04-20 09:14:12
19.76,2025-04-20 09:28:02
19.76,2025-04-20 09:36:37
19.76,2025-04-20 09:42:25
19.76,2025-04-20 09:47:35
19.76,2025-04-20 09:52:51
19.76,2025-04-20 09:58:08
17.76,2025-04-20 10:13:36
17.76,2025-04-20 10:34:13
17.76,2025-04-20 10:44:08
17.76,2025-04-20 10:50:04
17.76,2025-04-20 10:55:25
17.76,2025-04-20 11:03:34
16.76,2025-04-20 11:19:24
16.76,2025-04-20 11:26:47
16.76,2025-04-20 11:33:32
16.76,2025-04-20 11:39:47
16.76,2025-04-20 11:45:07
16.76,2025-04-20 11:50:37
16.76,2025-04-20 11:55:55
14.76,2025-04-20 12:15:43
14.76,2025-04-20 12:50:41
13.76,2025-04-20 13:13:27
13.76,2025-04-20 13:32:27
13.76,2025-04-20 13:41:59
13.76,2025-04-20 13:47:21
13.76,2025-04-20 13:52:46
13.76,2025-04-20 13:58:03
12.76,2025-04-20 14:11:45
12.76,2025-04-20 14:29:35
12.76,2025-04-20 14:39:57
12.76,2025-04-20 14:45:41
12.76,2025-04-20 14:51:05
12.76,2025-04-20 14:56:24
12.76,2025-04-20 15:09:05
12.76,2025-04-20 15:26:23
12.76,2025-04-20 15:34:52
12.76,2025-04-20 15:42:46
12.76,2025-04-20 15:48:06
12.76,2025-04-20 15:53:45
12.76,2025-04-20 15:59:01
17.1,2025-04-20 16:17:24
11.76,2025-04-20 16:36:21
11.76,2025-04-20 16:46:31
11.76,2025-04-20 16:51:47
11.76,2025-04-20 16:57:05
11.76,2025-04-20 17:11:13
11.76,2025-04-20 17:28:09
11.76,2025-04-20 17:36:47
11.76,2025-04-20 17:43:22
11.76,2025-04-20 17:48:39
11.76,2025-04-20 17:54:07
11.76,2025-04-20 17:59:22
10.76,2025-04-20 18:20:51
10.76,2025-04-20 18:40:16
10.76,2025-04-20 18:49:50
10.76,2025-04-20 18:55:24
10.76,2025-04-20 19:03:52
11.76,2025-04-20 19:19:34
11.76,2025-04-20 19:26:06
11.76,2025-04-20 19:31:58
11.76,2025-04-20 19:38:30
11.76,2025-04-20 19:43:55
11.76,2025-04-20 19:49:34
11.76,2025-04-20 19:54:51
11.76,2025-04-20 20:00:11
10.76,2025-04-20 20:18:53
10.76,2025-04-20 20:31:23
10.76,2025-04-20 20:40:54
10.76,2025-04-20 20:46:26
10.76,2025-04-20 20:51:43
10.76,2025-04-20 20:57:16
10.76,2025-04-20 21:10:28
10.76,2025-04-20 21:24:45
10.76,2025-04-20 21:30:35
10.76,2025-04-20 21:37:56
10.76,2025-04-20 21:43:15
10.76,2025-04-20 21:48:39
10.76,2025-04-20 21:54:13
10.76,2025-04-20 21:59:30
13.76,2025-04-20 22:15:30
13.76,2025-04-20 22:32:43
13.76,2025-04-20 22:42:42
13.76,2025-04-20 22:48:05
13.76,2025-04-20 22:53:26
13.76,2025-04-20 22:58:39
17.76,2025-04-20 23:13:38
17.76,2025-04-20 23:26:50
17.76,2025-04-20 23:33:49
17.76,2025-04-20 23:40:30
17.76,2025-04-20 23:46:02
17.76,2025-04-20 23:51:25
17.76,2025-04-20 23:56:57
19.76,2025-04-21 00:59:43
21.76,2025-04-21 02:39:50
22.76,2025-04-21 03:30:02
22.76,2025-04-21 03:53:45
22.76,2025-04-21 04:00:52
23.98,2025-04-21 04:24:08
24.76,2025-04-21 04:41:03
24.76,2025-04-21 04:51:22
24.76,2025-04-21 04:56:42
24.76,2025-04-21 05:12:19
25.76,2025-04-21 05:32:31
25.76,2025-04-21 05:45:47
25.76,2025-04-21 05:51:20
25.76,2025-04-21 05:56:47
25.71,2025-04-21 06:16:29
24.76,2025-04-21 06:42:52
24.76,2025-04-21 06:54:04
24.76,2025-04-21 06:59:12
25.53,2025-04-21 07:16:32
25.76,2025-04-21 07:29:38
25.76,2025-04-21 07:37:20
25.76,2025-04-21 07:42:46
25.76,2025-04-21 07:48:15
25.76,2025-04-21 07:53:45
25.76,2025-04-21 07:59:05
24.76,2025-04-21 08:22:04
24.76,2025-04-21 08:42:16
24.76,2025-04-21 08:54:00
24.76,2025-04-21 08:59:12
23.58,2025-04-21 09:17:54
22.76,2025-04-21 09:32:36
22.76,2025-04-21 09:42:00
22.76,2025-04-21 09:47:24
22.76,2025-04-21 09:52:58
22.76,2025-04-21 09:58:14
21.76,2025-04-21 10:15:37
21.76,2025-04-21 10:36:36
21.76,2025-04-21 10:48:29
21.76,2025-04-21 10:53:55
21.76,2025-04-21 10:59:13
21.04,2025-04-21 11:13:27
20.76,2025-04-21 11:25:05
20.76,2025-04-21 11:30:37
20.76,2025-04-21 11:37:46
20.76,2025-04-21 11:43:03
20.76,2025-04-21 11:48:44
20.76,2025-04-21 11:54:09
20.76,2025-04-21 11:59:32
19.76,2025-04-21 12:34:09
19.76,2025-04-21 13:03:54
17.76,2025-04-21 13:32:29
17.76,2025-04-21 13:43:57
17.76,2025-04-21 13:49:17
17.76,2025-04-21 13:54:54
17.76,2025-04-21 14:00:04
19.1,2025-04-21 14:17:31
17.76,2025-04-21 14:33:36
17.76,2025-04-21 14:43:52
17.76,2025-04-21 14:50:07
17.76,2025-04-21 14:54:23
17.76,2025-04-21 14:59:33
19,2025-04-21 15:17:46
17.76,2025-04-21 15:32:58
17.76,2025-04-21 15:42:30
17.76,2025-04-21 15:48:03
17.76,2025-04-21 15:53:30
17.76,2025-04-21 15:58:59
17.76,2025-04-21 16:19:28
17.76,2025-04-21 16:41:51
17.76,2025-04-21 16:52:24
17.76,2025-04-21 16:57:38
17.93,2025-04-21 17:11:54
17.76,2025-04-21 17:30:29
17.76,2025-04-21 17:40:50
17.76,2025-04-21 17:46:16
17.76,2025-04-21 17:51:39
17.76,2025-04-21 17:56:53
17.76,2025-04-21 18:15:51
17.76,2025-04-21 18:40:05
17.76,2025-04-21 18:51:20
17.76,2025-04-21 18:56:33
17.76,2025-04-21 19:08:32
17.76,2025-04-21 19:22:17
17.76,2025-04-21 19:29:05
17.76,2025-04-21 19:35:46
17.76,2025-04-21 19:41:15
17.76,2025-04-21 19:46:25
17.76,2025-04-21 19:51:57
17.76,2025-04-21 19:57:09
17.76,2025-04-21 20:13:45
16.76,2025-04-21 20:30:38
